annual_return,annual_volatility,max_drawdown,sharpe_ratio
0.14419006055057376,0.19178909344852932,-0.3507590995154355,0.6214642261842744
