portfolio_beta,mean_stock_beta,difference
0.838212488532172,0.8382124885321721,-1.1102230246251565e-16
